"","id","treatment","X1","X2","X3","X4","X5","X6","X7","X8","X9","X10","group","y0","y1","y2","y3","y4","y5","y6","y7","y8","y9","y10","y11","y12","avg.y","group"
"101",1,0,0,0,0,1,0,1,0.152933508623391,0.714789955178276,0.414722328772768,0.846520078368485,0,1.17139878608418,0.964966147627703,1.00124162034567,0.765916293815586,0.511414415586484,NA,NA,0.694533965104652,0.970904384310809,0.207295773290413,0.807809371470598,0.79126854708168,0.0787412924520353,-0.700120040010499,FALSE
"166",2,1,1,0,1,0,1,1,0.520380252040923,0.610824168659747,0.617127580801025,0.171087056165561,0,1.4000159726898,NA,1.00023468085845,0.918193467787801,0.845348708153085,0.719487633384031,1.01608960588778,1.09608665740229,0.801006138307762,1.12261934421212,1.08136063107425,1.21042879107121,1.12071430492245,-0.26623520486979,FALSE
"41",3,0,1,1,0,1,1,0,0.996592740993947,0.801193443592638,0.513212657766417,0.850097877439111,1,3.26489418182584,NA,2.47048405706711,2.51204789492397,NA,NA,2.32872228272268,2.26637575531784,2.45417246436848,2.38335543639394,2.44334251417367,2.60127410219363,2.21072243371777,-0.85522056020609,FALSE
"208",4,1,0,1,1,0,1,0,0.647611604304984,0.599290739744902,0.0841178738046438,0.275191481458023,0,2.16570636387329,2.12641273159184,1.56602616227154,1.99701802797187,1.33858195522153,1.74671458252385,1.68279284356128,1.63668057821796,1.76523600924321,1.21484482610737,1.74206717146929,1.7238777215881,1.78736947011437,-0.548666566553506,TRUE
"37",5,0,0,0,1,1,1,0,0.645597313763574,0.746224745409563,0.390359424054623,0.539621983654797,0,1.68853532508576,1.68084095462171,1.36290749956005,1.79435781784533,1.27017917916543,1.52111971170927,1.08357824160901,0.887065607832301,0.813960528736911,1.01958261759923,0.731145759143629,1.56144972950104,0.775129120441557,-0.666708518414402,TRUE
"205",6,1,1,1,0,1,0,0,0.0643035632092506,0.203346832888201,0.532159882830456,0.525406896369532,0,0.927123717018781,1.3191318246316,0.764967746483517,0.670204268292037,1.05959140125258,0.64766063911031,NA,0.567332213776172,0.57382827892195,0.909387191504049,0.79547982845105,0.77565477258344,0.873003794800209,-0.0887423201840938,TRUE
"128",7,1,1,0,1,0,0,1,0.14103426784277,0.521206784294918,0.730029787169769,0.284426815342158,0,0.706957419388603,0.596087832597299,0.370307876259455,-0.00651683262064015,0.0931920516837446,0.308617587174102,0.101402637730053,NA,0.0884854497169696,0.221701618061779,0.652697411713489,0.0890809925601914,0.463089323548051,-0.350315082917725,FALSE
"150",8,1,1,0,1,1,1,1,0.159601047867909,0.8167208887171,0.247392873978242,0.0732734207995236,0,2.11039956390327,1.79861122016164,1.7125579128833,NA,1.71262523651081,1.58211478614809,1.53626732429657,1.8373896503145,2.00726667325345,1.09772216257418,1.56309512883516,NA,1.71802863054294,-0.650784256585852,TRUE
"45",9,0,0,1,1,1,1,1,0.427230377681553,0.472984257386997,0.453187906416133,0.941891114460304,0,1.39863087771981,1.19612260054264,1.3367825555787,1.18174156866246,0.923083391687674,0.946881275511592,0.786333294015114,0.807067077936982,0.791373556624624,0.426142297441987,0.901922134541937,0.964940604358859,0.812792570779498,-0.622181475939245,FALSE
"103",10,0,0,0,0,1,0,0,0.0826217345893383,0.571221025427803,0.688006164738908,0.855848449049518,0,1.61369110122009,1.15469342241564,1.27678051571097,0.802872662568723,NA,NA,0.849829812401754,0.864746759013715,0.473869290774916,NA,0.705043414387876,0.528566530807615,0.732395409721196,-0.958355982914524,FALSE
"15",11,0,0,0,0,0,1,0,0.0723799814004451,0.358787017175928,0.411187208723277,0.935903786681592,0,2.4666366237985,2.21294677464477,NA,1.71540154470714,1.67385073694911,1.69797569951517,1.99535512034878,1.5946002564255,1.56500467392031,1.4801147914145,1.94153414884556,1.10412038203761,1.29483940516251,-1.01148444193345,FALSE
"189",12,1,0,1,1,0,1,1,0.394037876510993,0.161244662944227,0.466821132460609,0.895499457372352,0,1.07898488498451,1.00505419628809,NA,0.757098469452994,0.84479719959391,0.877575932309769,NA,NA,0.602710366757959,0.639017899971552,0.588585341983276,0.467848985828146,0.499329699386739,-0.530289403192077,FALSE
"113",13,0,1,0,0,0,0,0,0.135101257357746,0.831233516335487,0.389527510618791,0.0744719395879656,0,0.397522968055726,0.44753320105618,0.0466989211814303,0.147100269175201,-0.0288777126328195,-0.0357680818504028,-0.187771350013804,-0.32308349880365,-0.246100087631478,-0.40039430691435,-0.198478518578703,-0.0302364582261709,-0.179678485326726,-0.599719910317213,FALSE
"84",14,0,1,0,0,1,0,0,0.706985615659505,0.932309834752232,0.481814841274172,0.947167063131928,1,0.958024301959047,0.420019740452386,0.561372803661782,0.477274583593738,0.279880098286364,NA,0.467306565174486,NA,0.221740910962233,0.284802982145927,0.20400370809077,0.435263614075117,NA,-0.650000867188442,TRUE
"81",15,0,1,1,1,0,1,0,0.727507003117353,0.372169251320884,0.578334139892831,0.135404319735244,1,1.84148583664727,1.32371224385058,NA,NA,1.23706371361681,0.926473800854709,0.948740505063043,0.927121051704028,0.61294051180179,0.937410746499859,0.986209209944646,0.555931263156761,1.09384119917666,-0.948137731952791,FALSE
"222",16,1,0,0,0,1,1,1,0.299209151882678,0.810182988643646,0.840612342581153,0.629887924063951,0,1.68212348878881,NA,1.14940400973077,1.5811466121556,1.7513920906199,1.57420650511551,1.56217151858414,1.28957486095091,1.77870304018441,NA,1.26126872716856,1.57533813048717,1.40246467655189,-0.269099644052941,FALSE
"207",17,1,0,0,0,1,1,1,0.919101804262027,0.106156347552314,0.243286001496017,0.361356281442568,1,2.26376821062787,2.14444132062648,2.22116875426572,1.28529424729282,1.79651741587799,1.38603930442117,1.34691790284897,1.42157038521307,1.22392815392454,1.43321192667483,1.25726418875554,1.08325873958513,1.4937724467816,-0.946891385178594,FALSE
"220",18,1,1,1,0,0,0,0,0.102238407591358,0.418600904289633,0.724494280526415,0.681970323203132,0,0.434607011139147,NA,0.242251848546612,-0.0658475977247667,-0.0021782472653189,-0.279391380684034,0.0599146294885353,-0.131253253021705,NA,NA,-0.437371894394429,0.148526090644633,0.0199762254170532,-0.524230203916728,FALSE
"49",19,0,0,1,1,0,0,1,0.633681640028954,0.775541976559907,0.341509481659159,0.77615920919925,0,1.33161970807867,NA,NA,1.12715316453401,0.94949772661248,0.552942836334235,0.636294690955632,1.06504167931576,0.848060012295729,0.899931419945442,0.354201209471702,0.532471425660678,0.432199998153074,-0.776918694770948,FALSE
"96",20,0,1,0,1,1,0,1,0.76027162396349,0.0501258212607354,0.181342100491747,0.952543520834297,1,0.874116466375859,0.200683784353695,0.288074597444639,0.288413985469742,0.122202987514874,-0.237628953763022,0.137982939152993,0.0809401452655398,-0.166353739264734,-0.14103651856836,0.323882738019533,-0.0489372818021972,NA,-0.8294801538262,FALSE
"72",21,0,1,1,1,0,0,1,0.501323111588135,0.646963443374261,0.0971668865531683,0.536307886941358,0,0.45562879608164,0.368890850257334,NA,0.196833003335405,0.0394598369775651,-0.192158399168386,0.147911141588393,NA,-0.158827625761811,-0.287164455795022,-0.405813333612952,-0.473727217038144,NA,-0.844530464897012,TRUE
"226",22,1,0,1,1,1,1,0,0.210460829315707,0.884693923406303,0.421474280301481,0.674655050970614,0,1.71071915356609,0.792008439634105,0.956114184725494,NA,1.12312338135649,0.700645050912275,1.13004154379855,NA,0.888155432405845,0.966363676495994,1.58747891265089,0.959810775045257,1.09672780958452,-0.558123860121923,FALSE
"182",23,1,0,1,0,1,0,1,0.509830849710852,0.161482464987785,0.231098403222859,0.171832471853122,0,0.733781101019164,NA,0.298091305108802,NA,NA,0.226557983540305,0.253641962551799,0.348508266561784,-0.227942084989877,-0.150708211126349,NA,0.382893271019029,0.128098398369107,-0.613686614931901,FALSE
"36",24,0,1,0,1,1,0,0,0.240217587910593,0.460856164107099,0.435536756180227,0.619572164025158,0,0.730118702467801,0.165214740941805,0.321409346768716,-0.00144549658411053,0.328199999258831,-0.30813380001677,-0.401898347449395,-0.208924228564545,0.0579641397724706,-0.428854871842126,-0.69808343595124,-0.289741775441913,0.0454444296045798,-1.07292761587548,FALSE
"19",25,0,0,0,1,1,0,0,0.135463741375133,0.963450093287975,0.672124605393037,0.747169907204807,0,0.467376917185758,0.851079157437856,0.378679339225514,0.461983009034828,-0.135577455076451,NA,0.103638300227618,0.162333830244089,0.227697124785124,0.138281684657993,-0.0569113581489894,-0.248949822474787,-0.206244587959959,-0.560832938167194,FALSE
"120",26,0,1,1,0,1,0,1,0.546784047037363,0.771637083729729,0.41572511009872,0.0869782534427941,0,0.356217235569196,NA,-0.121881093164007,0.243170245018039,-0.137806031875907,-0.201397702699309,-0.279733288558549,-0.417545679234851,-0.458001552434708,-0.207061465429199,-0.422487681570916,-0.349415607299289,-0.332497643302875,-0.684082834969766,TRUE
"195",27,1,1,1,0,1,1,1,0.0879887568298727,0.992898018099368,0.408150777220726,0.77376432530582,0,2.08625169006189,1.71710647636867,1.79867968078327,1.71166526566668,1.462276003865,1.54298710588634,1.75249359920465,1.28943753720511,1.70934064416593,1.17559953427039,1.5539078648701,1.57760208408983,1.53221496481851,-0.626420578049687,TRUE
"213",28,1,0,0,1,1,1,1,0.564871523529291,0.81768061243929,0.744295120006427,0.808822106802836,0,2.91008680208574,1.80688894883032,NA,2.06083515936583,2.06941674736063,NA,2.11844001536238,2.05460938615562,NA,2.05447624820672,2.29965693451048,2.00828530269373,1.68540447678879,-0.898131061535811,FALSE
"158",29,1,1,0,0,0,0,0,0.954789584735408,0.866125498665497,0.382381603121758,0.827536759199575,1,1.22629236861874,0.652939433383555,NA,0.908254895652519,NA,0.655933892610751,0.191611947728748,0.514378537431437,0.449484214115645,NA,0.261241199401902,0.2863954573873,-0.03342267119292,-1.05488770675331,FALSE
"60",30,0,1,1,1,0,1,1,0.244235832011327,0.940167947206646,0.581150363897905,0.221656991867349,0,2.6336518592078,2.53826425262596,2.26000361976391,2.1475674531574,2.12142808377163,2.14353123096633,1.92891704789232,2.13062885005068,1.68921435790953,2.08576519383966,NA,1.90207695553356,1.35415938894794,-0.852984679767417,FALSE
"100",31,0,1,0,0,1,0,0,0.94738198723644,0.758908828953281,0.397425050847232,0.493615190498531,1,0.757056224007852,0.0328116326111717,0.410812604499783,-0.159411620199221,-0.114513759640558,NA,NA,NA,0.208011809048749,NA,0.311769434455019,0.0281424410257322,0.0456065469566921,-0.628550083195371,TRUE
"191",32,1,1,1,1,1,0,0,0.0836418580729514,0.25576124060899,0.984473688527942,0.863775899866596,0,0.842638374980952,0.141399970773684,0.359243854264517,0.813821028728757,0.575301930653567,NA,0.611161353474518,NA,0.689629751132794,0.450408171771533,0.407708102786326,0.478239256939647,NA,-0.39718653114845,FALSE
"239",33,1,0,1,1,0,0,0,0.926671815570444,0.0349731538444757,0.856652647722512,0.61424717027694,1,0.653898522946867,0.154462751135741,0.38245335290184,0.0827202427023646,0.0842656758765211,NA,-0.0725473254223101,-0.0588058221127443,-0.195726257601106,-0.496377460867787,NA,-0.376357120951873,-0.143670750736365,-0.992700300465542,FALSE
"30",34,0,0,0,0,0,0,1,0.0384836264420301,0.863929312909022,0.13708177045919,0.958695216337219,0,1.0020658972658,0.818664192139343,1.17346968769775,0.541555980458579,0.841421719961071,0.870241241754823,0.636722924533766,0.612057418694184,0.512835380015157,NA,NA,0.570728848837925,0.628515669092495,-0.40244363830059,FALSE
"180",35,1,0,0,1,0,0,1,0.138113676570356,0.867417410248891,0.545827161055058,0.945901207625866,0,0.408143322203611,0.30513528716342,0.126561556460849,-0.184234711520619,0.0298391725657563,-0.334264920661551,-0.176454349963368,-0.0473171670991487,NA,NA,-0.0821896195638123,NA,-0.197911494594073,-0.548193879282554,FALSE
"14",36,0,1,0,1,1,1,1,0.73222809121944,0.376303579425439,0.186678562546149,0.832879622932523,1,1.64803188777691,1.67274289721661,NA,1.3918822699589,NA,1.02161908546068,NA,1.56038302146597,NA,1.32244844466107,0.79011652469069,0.830016814410012,1.37768590266661,-0.567964966169821,FALSE
"115",37,0,0,1,1,0,0,1,0.412295213434845,0.298391846241429,0.334137110970914,0.515961537370458,0,1.62875684786131,1.60642480645587,1.96111732025784,1.51843504409706,1.5742938031673,1.40044498724188,1.01959661204249,1.24111155716747,1.14816554897232,1.22369482948081,1.17603584477614,1.10576613983816,1.26239262422488,-0.436784488281314,FALSE
"185",38,1,1,0,1,0,1,0,0.335173022234812,0.66286897752434,0.47223113453947,0.925868732156232,0,1.65728879778138,1.65083914947406,1.50318758990744,1.33673290630521,NA,1.21390717050326,1.32804070905706,NA,1.50540013671955,1.27207200365144,1.60507190569865,1.85748194321251,1.41631992758103,-0.119552352745476,FALSE
"145",39,1,0,0,0,0,1,0,0.162051138933748,0.130434486549348,0.0441802996210754,0.0153495047707111,0,2.5918932907731,2.255830069621,1.90195044197469,NA,1.73462271502961,1.58952772455032,NA,1.48642415492888,1.90631903355261,1.66544929550518,1.67398308940715,NA,NA,-0.92217709831693,TRUE
"5",40,0,1,0,1,0,1,0,0.886569591704756,0.88546675699763,0.0618844239506871,0.0416823986452073,1,1.7519115001745,1.04654388404475,1.21455807701977,0.538813637154273,0.854608626685775,0.416714606012126,NA,1.15201536333791,NA,0.979151087570498,0.496493127420731,0.973016891267682,1.30778087453539,-0.812801004975931,FALSE
"90",41,0,1,0,1,1,1,0,0.359707679133862,0.0594832433853298,0.307740237563848,0.2665268718265,0,2.03320372103172,1.2595552359516,1.48467641103663,1.44232715930168,1.47805863328018,1.29800537601329,1.28226865557603,1.2597120470738,NA,NA,1.26985164103863,1.00452769553605,0.822507607764472,-1.00090807291867,TRUE
"114",42,0,0,0,0,0,1,0,0.282073832815513,0.916643035598099,0.0232874911744148,0.112075571902096,0,2.29265462730177,1.78351252528757,2.21667315619719,1.6567631508697,1.67434027342795,1.34144080406652,1.70966370196827,1.45982758751629,1.26163058534955,1.15239337401977,NA,1.23268723799889,1.59746129414719,-0.965140658579819,FALSE
"27",43,0,1,1,0,0,1,0,0.947694349335507,0.849961611907929,0.330803714459762,0.556827284162864,1,2.32770241098166,1.34166919131503,1.17912963950646,0.865660978369019,1.0714756421219,NA,1.08701266114602,NA,0.887155586305749,NA,NA,1.00219381143186,1.26681216999537,-1.19319942026805,FALSE
"38",44,0,0,0,1,0,0,0,0.236273772548884,0.0793409827165306,0.358884063083678,0.402322247391567,0,0.950216843629555,0.817900558202291,NA,0.836796476253572,0.413447164183142,0.347671153612693,0.745029819833873,0.473857196934714,0.234184596276834,0.267733745386861,0.125806803037842,0.15188081369307,NA,-0.768409722923631,FALSE
"28",45,0,1,1,0,0,1,1,0.408542218152434,0.501032503088936,0.295603219419718,0.650225107325241,0,2.2926111433787,NA,2.44824259432968,NA,2.41737459846056,2.24602710615595,2.0457130008871,1.94192004977551,1.93480332317914,1.86358685095347,1.87319795520895,1.6224422297418,1.60852636538347,-0.550672793056778,FALSE
"85",46,0,0,0,0,0,0,0,0.157415087567642,0.0393738229759037,0.28741065482609,0.754480275791138,0,1.59129659985275,NA,1.40166046213313,1.43076828641571,1.32219708987006,1.29092042155732,1.06625331637871,1.14392698234393,0.740937239648736,0.677144491651384,0.822887063380898,NA,0.792761493394587,-0.827032250377127,FALSE
"160",47,1,1,0,1,0,0,0,0.941561959683895,0.897672349587083,0.25541129685007,0.918915873859078,1,1.64616126165159,0.664696231691953,NA,1.26886130588559,0.818385796088169,0.775188903168395,0.62550159520724,0.444774269111854,0.508311275753197,NA,0.74236941361261,NA,0.789740615863341,-0.880106246913618,TRUE
"139",48,1,1,1,0,0,0,1,0.176969511667266,0.35308343032375,0.599011925049126,0.970006826100871,0,0.368351254434755,0.390334749904067,0.00151895986228762,0.132423078738821,NA,0.291453625840931,NA,-0.054284237561804,0.0573969392887124,0.0412698688560261,0.00206781211761525,NA,0.481102025009625,-0.193538019107,FALSE
"175",49,1,0,1,1,1,1,0,0.578434669412673,0.775213026674464,0.329741319641471,0.158170039067045,0,1.92094777122286,2.03357071981449,1.78100665279288,1.90842725279471,1.71583232711873,1.5228760745686,1.8256318028651,NA,NA,1.91247029106691,2.1471399181214,1.64978361367949,NA,-0.0178164969335926,FALSE
"233",50,1,0,1,0,0,1,0,0.59573458856903,0.18473346112296,0.817690918687731,0.63492403132841,0,0.950223487326155,0.754399532585966,0.765742404845164,0.732564684917874,0.43866285007351,0.65428178973515,0.728270349645672,0.375005365292936,0.527956720529258,1.09088361090404,NA,0.525533307027469,0.570394952680553,-0.221286197122134,FALSE
"161",51,1,0,1,1,0,0,0,0.408029925543815,0.726874706102535,0.521343294065446,0.851951573276892,0,0.943208728841744,NA,0.608109575525595,0.312006695023247,0.357131050416951,0.209466072039923,0.473943110201643,-0.0288799416523643,0.00630744384538992,0.181430150017742,NA,0.519531672720879,0.139212887821596,-0.663150491988338,FALSE
"1",52,0,0,1,1,1,1,1,0.460579775040969,0.763408156577498,0.114037308609113,0.607856428483501,0,1.64866615166938,1.55290663573038,1.47114505380638,NA,NA,0.573608741280063,0.865808281721823,0.651442365213715,0.77141275420053,0.251830792447745,0.271380972364477,0.371859775787794,NA,-1.35030897146938,FALSE
"247",53,1,1,1,0,1,1,1,0.603052286431193,0.77662628563121,0.131434560753405,0.738688493613154,0,2.31947852099698,2.0234440580528,1.85788702699133,NA,1.62368985426133,1.62658290462257,1.22027119866668,1.50619143478065,1.71570207736556,1.4786968857583,1.56175460167448,NA,1.71178653912636,-0.735399178810596,FALSE
"240",54,1,1,0,1,0,0,1,0.772911676205695,0.0784424049779773,0.560657900758088,0.831083168042824,1,0.839340829789103,0.76959112325936,0.680039768612305,NA,-0.107493560938203,0.247130335547326,0.0596277411181171,-0.0354766177087858,-0.272854982860093,-0.625210487166466,-0.0517712177195843,-0.49549737330713,-0.0563195907072012,-1.1465404970142,TRUE
"92",55,0,1,0,1,1,0,1,0.222291183890775,0.159940926125273,0.66575367632322,0.0863398925866932,0,0.514924156300562,NA,0.169719234905737,NA,NA,-0.0386804213113603,0.134866273614368,-0.0768626033063582,0.0284273920651789,NA,0.0956056665140095,NA,-0.0564422393211307,-0.495342442704123,FALSE
"68",56,0,1,0,1,1,0,1,0.0844337521120906,0.861365391174331,0.374938796274364,0.619428610894829,0,0.587410207853827,0.401169628631473,0.448936832758323,0.182221508180995,NA,0.34309084245481,NA,-0.142101395296807,-0.0545220859824809,0.34111020924192,0.332568461266449,0.273262221868843,-0.0717208274471488,-0.368605191621312,FALSE
"62",57,0,0,1,1,0,1,1,0.050560203846544,0.66900006425567,0.551150529412553,0.313187159365043,0,2.58999489113581,2.24189941355389,NA,2.25320299913193,NA,NA,2.13256290864827,NA,2.12146656723864,NA,2.11301187672781,1.83376942673055,2.05468551593868,-0.589505951336793,FALSE
"43",58,0,0,1,1,1,0,0,0.150347096379846,0.54442650009878,0.201094826450571,0.922799413558096,0,0.295906223751509,0.59370720500052,0.45720309031173,-0.200661559360848,0.112359704936017,0.324517270920091,0.234011842198319,NA,-0.0242614064189682,NA,-0.388708172595414,-0.29930128913179,NA,-0.639910954615111,FALSE
"116",59,0,1,1,0,1,1,0,0.209258429938927,0.769811623031273,0.893162592779845,0.987380826380104,0,1.70771805401822,1.19733318429561,1.43330955450098,1.58245032345608,NA,1.43954874812352,1.10090125755987,1.06189731766182,0.770150187891094,0.951842595836577,0.96344710925079,1.03800583253396,1.17354742528474,-0.676007313291702,FALSE
"230",60,1,0,0,1,1,1,1,0.525862307287753,0.936431770212948,0.819456700934097,0.667105810483918,0,1.75176397933703,1.10283703763009,NA,0.835829590805211,0.676082882693336,0.672079846573311,1.17464443515077,0.827514972243955,1.08027145054707,NA,0.793904220181709,0.874637042640194,1.018786484902,-0.855988063429064,FALSE
"206",61,1,1,1,0,0,1,0,0.647739812964574,0.773079689126462,0.774876556824893,0.488242364488542,0,1.84263070633121,1.44924794782015,1.33746364996718,1.18758242125502,1.19910355166604,1.75629916054846,1.11683486850528,1.03196534236604,1.0764184466324,1.21868757809653,1.26029659109647,1.45692257607024,NA,-0.530661791243467,TRUE
"136",62,1,0,0,1,1,0,0,0.864556597778574,0.304346846183762,0.738643672317266,0.635625987313688,1,1.49554405917973,0.924013921005254,0.994264848344559,0.623617124974819,NA,NA,0.642739431886334,NA,0.763593039667685,0.744803523204487,0.548477206072334,0.761980635000868,NA,-0.81045693775383,FALSE
"157",63,1,1,1,1,0,0,0,0.140317602315918,0.785896840272471,0.288825343130156,0.0623101668898016,0,0.816659868827823,0.286628704590597,0.486421812031499,0.583761815397004,0.168493232061009,NA,0.14951400363512,0.6016636428313,NA,0.342134439288952,0.40944651425499,NA,0.367523324976209,-0.443625109321106,FALSE
"46",64,0,1,1,0,0,1,1,0.231141165364534,0.560980109730735,0.980665509821847,0.0964638458099216,0,1.6098082375697,1.63427473328626,1.92910132737272,1.21632298304242,NA,1.29524179086421,0.905000644932772,1.2738648795346,NA,1.22866207857775,NA,1.00429792415717,1.11195689719738,-0.494835937592269,FALSE
"170",65,1,0,0,1,1,0,0,0.140273029683158,0.623596722725779,0.557595553807914,0.9830077374354,0,1.23587635275521,0.679013060043663,0.565195459976469,0.737840233763647,0.903175585119525,0.42506124232803,0.37933584522581,0.585997756955048,NA,0.88188733439817,0.654236752862743,0.472666318983575,0.670072950483799,-0.566160513573141,FALSE
"146",66,1,1,1,0,0,0,0,0.863124826457351,0.719508435577154,0.168983125593513,0.897208627080545,1,0.718140461057689,0.835203732222256,0.438820943449652,NA,-0.116711899027055,NA,-0.137730933376358,-0.297791721289647,-0.175367212511285,0.000502365600665744,NA,-0.225049198106329,-0.483332723447109,-0.954100313041947,FALSE
"123",67,0,1,1,1,1,0,1,0.756173745263368,0.110161242540926,0.386850953102112,0.419699750375003,1,0.972873542988728,0.421968809555655,0.40010471040363,0.475888189070195,0.129170898925292,0.190537534435882,NA,-0.101631174922703,-0.178751108048032,0.284597559594562,0.377447371436965,0.268792918531924,0.449108722863839,-0.627886899881905,FALSE
"204",68,1,1,1,0,1,0,1,0.0435791576746851,0.861257831333205,0.464467260288075,0.814220131840557,0,0.832978957166222,0.324412499055659,0.544996536145801,0.381536039898251,0.0911879712030638,0.380499869476593,0.422866390275591,0.259196463971021,NA,0.170198202275981,0.571871054296768,-0.119510418470376,0.142883521062139,-0.641618367375094,FALSE
"26",69,0,1,1,1,1,0,1,0.90395847032778,0.565358423395082,0.904609706951305,0.75241229031235,1,0.741484559835677,0.170256369146031,0.232389170195051,0.077801154386971,NA,-0.102620837216205,0.187292394707971,0.21277698565469,NA,-0.0181990468688612,-0.216849476314928,0.113871702525763,-0.0350711255124058,-0.780546546378285,FALSE
"122",70,0,1,0,0,1,1,1,0.716800291324034,0.391377835534513,0.448903755284846,0.225186520954594,1,1.96314009967587,1.62121847821776,1.4481544407133,1.4127589527026,1.11809249232159,1.17905870090499,NA,0.785046553746282,1.2021836129831,1.17613985215519,0.72083202432129,1.06937156758382,0.85450258948166,-1.00792859129038,FALSE
"140",71,1,1,1,0,0,1,0,0.865030728280544,0.166143009904772,0.56980877649039,0.0589200598187745,1,1.74375827699328,1.43966482166968,1.50221333231376,1.38114430200044,0.958451793990405,NA,1.47957545169642,0.817174489354367,0.71364676138286,NA,0.774180085029617,0.820274336368214,NA,-0.946531066294363,FALSE
"201",72,1,1,0,0,1,1,0,0.443588601890951,0.971519537037238,0.545085444580764,0.183160079177469,0,2.66185119635381,NA,NA,2.1238999554308,2.379069098254,2.41652301431187,NA,1.97084715836339,1.97436746401073,1.9436737755677,NA,1.83800643859963,1.95502604318163,-0.749615777237492,FALSE
"61",73,0,1,1,0,1,1,1,0.946545336628333,0.816286859335378,0.852574263000861,0.963465373963118,1,2.48515430169794,NA,1.76636289282118,NA,1.56303307235163,1.86331183641591,NA,1.93310083334697,1.71806001868996,1.75824308857404,1.56005712503548,2.0873751357822,NA,-0.683262518567366,TRUE
"219",74,1,0,1,1,1,1,0,0.658854161622003,0.611457878258079,0.423658083425835,0.825681238668039,0,2.37936102578969,2.06535232795616,1.59771700823137,1.7736999437442,2.09124810082714,2.10706211157898,1.92975315754062,1.9576841625431,2.00932906611938,1.6901670974959,1.58993889278541,1.8511719279368,1.93566102942889,-0.612626288877934,FALSE
"162",75,1,1,1,1,0,1,0,0.220562079921365,0.109769348287955,0.359358183806762,0.760084549896419,0,1.428989414561,1.65407921439174,1.65451573478691,1.39719004234718,1.52699311073418,1.02437512797908,1.14321905915515,1.54504421774449,1.5012111201963,1.45546508397705,1.29317382506131,1.36870257778118,1.67959712426368,0.0202452382098026,FALSE
"202",76,1,1,1,1,1,0,1,0.458633450325578,0.390259553911164,0.436261761235073,0.884590666973963,0,0.865333438272778,0.922436931602691,NA,0.580551109115855,0.62367093423202,0.615080235362837,0.534618784185488,NA,0.586642054822587,NA,0.570020753068182,0.273221286538414,0.120289443759542,-0.544156277150732,FALSE
"77",77,0,0,0,0,0,0,0,0.289906376507133,0.346748569281772,0.237035519210622,0.366734709357843,0,1.0430694022088,0.851107182386398,0.993133911245461,0.32959067016956,NA,0.266936613692116,0.310782847271187,0.458023276139142,0.298466887444187,0.0640961581323511,0.282503191380894,0.394167667927895,NA,-0.796147063061756,FALSE
"31",78,0,0,0,0,1,0,1,0.922444024356082,0.196294847410172,0.52631867909804,0.0798208424821496,1,0.0287736346554551,-0.285977580471365,-0.506136386293204,-0.585326334829413,-0.182768197874476,-0.542786041587239,-0.258794846079595,-0.287989862266766,-0.869551447153629,-0.816942555545967,-0.555843491496647,-0.604363968127044,-0.567422507407245,-0.664916765299681,FALSE
"9",79,0,1,1,0,0,1,0,0.225966439582407,0.295309024862945,0.758957100100815,0.200218886835501,0,1.60140341416363,1.62745526170359,1.66582808547756,1.44854930135442,1.53368994279277,1.43083206006794,NA,0.99240255545145,1.10197987514845,0.698521921509845,1.17297973955608,NA,0.823804823221461,-0.702967919401167,FALSE
"94",80,0,0,1,1,0,0,1,0.104574750643224,0.28801580122672,0.131332783726975,0.233778811292723,0,0.580428921913157,0.792370850151531,0.457590065447794,0.47814938397185,0.228388609984839,0.255832968508417,-0.425081784653076,-0.0608326254406802,-0.30656723499641,0.157515017611021,0.0478197961105757,0.0108377442190654,-0.251856694943471,-0.589349956163859,FALSE
"238",81,1,0,1,1,1,1,0,0.687239063903689,0.618388569215313,0.561198853887618,0.368568077450618,0,1.16621765148326,1.32452428492222,NA,NA,0.536811807144996,0.783623588877746,0.594721229482814,0.514601360906919,NA,0.479047964468036,0.56630578122373,0.806148027004576,0.612339897505566,-0.550257233932784,TRUE
"105",82,0,0,1,0,1,0,1,0.48037154506892,0.753751184791327,0.523680625250563,0.661686474923044,0,1.74415354262936,1.25478171666908,1.58475564434446,0.886190318933509,1.639886688457,0.790015388089322,1.15065283434436,0.86883596841078,0.811096767166083,NA,0.70806635835244,0.573482631218733,0.689091049836925,-1.08727352949333,TRUE
"192",83,1,1,1,0,1,1,0,0.10364975198172,0.139138740953058,0.884126175893471,0.583334752824157,0,2.24924770003872,1.73424152827558,1.45170048230387,1.57926916186789,1.40840155833267,NA,NA,1.40368969174491,1.09150273482206,1.67847446745289,1.37112825075574,1.50001487672143,NA,-0.732708501728697,FALSE
"134",84,1,0,0,1,1,0,1,0.49943824345246,0.160476753255352,0.58392384997569,0.0592575275804847,0,-0.165302774137685,-0.608277690133114,0.0531353441397341,-0.355954255547805,-0.203985549660983,NA,NA,NA,NA,-0.29320345744493,-0.168856366242592,NA,-0.629022958708459,-0.198391486660976,TRUE
"169",85,1,1,0,0,1,1,0,0.762438833946362,0.464390540262684,0.709795471513644,0.732094919774681,1,3.10831840180537,2.34851846145588,1.9957300616495,2.01497050384141,2.43056332961282,2.45319853290452,1.97255884948477,NA,1.91434609962199,NA,2.09637800202675,1.77215315628416,NA,-1.17405282264991,FALSE
"155",86,1,0,1,0,1,0,0,0.294832397950813,0.198077056091279,0.175248389132321,0.808653292013332,0,2.26321335183394,1.67787458786441,1.51245124934942,1.89714825059767,1.16249982237335,1.72589088560717,1.36129774578908,1.5138907046313,NA,1.50731333522711,NA,1.68350262154935,1.36547427200644,-0.744449942239642,TRUE
"20",87,0,0,1,0,0,1,1,0.135852911043912,0.663365463959053,0.291508834576234,0.257392175495625,0,1.71891378186292,1.14589436975713,1.53912657705366,1.41544767460196,0.995910273477823,1.21405355729782,NA,1.15293940085546,0.892053046151898,1.10342114213608,0.505902667053848,0.774619966473884,0.7321497764723,-0.939890393828895,FALSE
"79",88,0,0,1,1,0,1,0,0.439020987367257,0.228448045672849,0.749119719490409,0.265866521978751,0,2.00937835707862,NA,1.8521144389535,1.6011084803955,1.81292245880119,1.36326166362895,1.7254032406609,1.19349348220339,1.04385825131341,NA,1.38389516843074,1.19829762425241,1.50039584296936,-0.648515478527782,FALSE
"199",89,1,1,1,0,0,0,1,0.0336728761903942,0.163618012331426,0.4913494521752,0.547432924155146,0,0.790521150691957,0.279891983763925,0.437230224939136,0.832613027832844,0.208707668854598,NA,-0.0719099155718324,0.323008687774036,0.21886708489577,NA,0.561668029666157,0.318498073311666,0.6502296874679,-0.280389220543382,FALSE
"250",90,1,1,1,1,0,1,1,0.707857825793326,0.616834762739018,0.48922983254306,0.172581913182512,1,1.93917251150948,NA,1.08478564463971,1.52392240954391,1.22266552537303,0.620816667595963,1.04813686493907,1.0363602963917,0.693843586207643,0.810885153199856,0.611908901642108,0.989898988680643,0.73207782719753,-1.15297979382944,FALSE
"34",91,0,1,1,1,0,1,0,0.658353513805196,0.456208443734795,0.482195047196001,0.998694560490549,0,2.20389125075499,2.07960084831939,1.66463716135736,1.30950816455663,1.3206360089253,NA,1.37555170818877,1.37185952663623,1.45376239883295,1.64993519727292,1.29019534372021,1.19760661703641,1.16292473511815,-0.878725777468065,FALSE
"211",92,1,1,0,1,0,0,1,0.306312398752198,0.973515110788867,0.789428710704669,0.839480578899384,0,0.897556153096429,NA,0.766657246616153,0.459033721432447,0.460965784078263,0.684714848181374,0.804721341524228,0.379739527643349,0.725710223997846,0.429003853358601,0.286489432202179,NA,0.509453862573986,-0.489240437051507,FALSE
"193",93,1,0,1,0,1,0,0,0.51459137769416,0.522195080528036,0.909546573413536,0.278111645486206,0,1.2461942946933,0.96329573850858,0.795723269687717,0.887412503770185,NA,0.579903524011469,1.01371196885527,0.355466578832266,0.844687644093527,0.747266070295036,0.545038199690411,NA,0.870839147180968,-0.525146488971157,TRUE
"188",94,1,1,1,0,1,1,1,0.260390218812972,0.745066283969209,0.280896645970643,0.415095964213833,0,1.78410273592946,1.1353393506294,1.40572391089376,1.14295284462077,1.35292747754583,1.02912310907648,NA,1.5773761999423,1.4058984689199,1.35942456877617,1.24869170680276,1.12806681572733,1.14039442149227,-0.564958357729821,FALSE
"209",95,1,0,1,0,0,1,0,0.187986860517412,0.25021632714197,0.136495164595544,0.821864970959723,0,1.73894244021456,1.70902989093524,1.86639715184797,1.35863783962601,1.64917209127297,1.60042782185858,1.51732215384177,1.56407150166512,NA,1.47083453744745,NA,1.53913573112472,1.71593744286365,-0.16363986973595,FALSE
"107",96,0,0,1,1,0,0,0,0.964926536427811,0.0922107407823205,0.523249962367117,0.122543386183679,1,1.13631942925197,0.721560358167307,0.374500799654422,0.167266021902911,NA,NA,0.317157032605269,0.399985820287816,0.070783197214311,0.254860792551102,NA,0.230693106986053,NA,-0.893542479483395,TRUE
"227",97,1,1,1,0,1,1,1,0.169220456387848,0.829914299305528,0.445520938374102,0.865939980139956,0,1.91220310479135,1.41113861661802,NA,1.39719939331486,1.17177706532696,1.24772649227578,NA,1.4871172845409,NA,1.42176927667284,1.40858003617562,1.52888168710667,1.01171671862153,-0.569466175147186,FALSE
"109",98,0,0,0,1,1,1,0,0.460366648854688,0.221268411260098,0.966995537979528,0.205799003364518,0,2.91600533155518,NA,2.11642653686834,NA,NA,1.8890361398913,NA,1.89709617000758,1.77244050844551,1.56095020851841,NA,1.83428868412886,1.42463221499912,-1.30938162900639,FALSE
"6",99,0,1,1,1,1,0,0,0.76230429764837,0.721249970374629,0.699253517435864,0.745123525615782,1,1.48739311800713,1.09175663652466,NA,NA,1.26729665068718,0.57261543607079,0.648957576151171,0.820127464247785,0.904050362063128,0.827789569480807,0.952285740199271,1.08520533681058,0.700209085489359,-0.596020685012131,FALSE
"243",100,1,0,1,0,1,1,1,0.193794581340626,0.708790946286172,0.358386951498687,0.736649518134072,0,0.759466428386782,NA,0.451305918444226,0.0634429438226476,0.475446506547023,0.296278252397837,NA,0.556253969018461,0.180389111660064,0.461834206303059,0.463353747171189,0.353727262424422,0.269395087082614,-0.372388852641461,TRUE
"51",101,0,0,0,0,0,0,0,0.425695609999821,0.00202627247199416,0.352800450287759,0.353387956041843,0,1.40692345911295,NA,0.869049671287877,0.902206586795151,0.773860915044244,NA,0.85211191353765,0.5183707969992,NA,0.951486642277946,0.270655918361477,0.67373314751226,0.735579994828448,-0.749059533367913,FALSE
"245",102,1,1,1,1,1,0,1,0.42007944197394,0.685358483344316,0.715638278750703,0.581924667349085,0,0.343865839146022,-0.0937635177146844,0.32816013103604,-0.0152249917261046,-0.321973758977799,-0.270946945434858,0.095611191912665,-0.118477606607754,NA,-0.0726787953722114,0.0133005900733401,NA,-0.436010838396105,-0.508995520377681,FALSE
"102",103,0,1,1,0,1,0,1,0.400359030812979,0.537183581385761,0.934837601147592,0.157987999264151,0,1.42050771549032,1.04433236677735,1.23997471207143,1.11700887258564,0.874267688159806,0.799960348070139,0.877435418718975,NA,NA,0.435578566739989,0.453371356475906,0.507154387036005,0.67670701644114,-0.902304883817059,FALSE
"12",104,0,1,0,1,1,1,0,0.660506221232936,0.0520595028065145,0.937525993678719,0.791300998069346,0,1.79228209551024,1.26813684474618,1.22011051697936,NA,1.02336972630023,1.13268517345858,NA,1.16795870812576,NA,0.879863510979029,NA,0.952457519373297,0.445365929086996,-1.03305310903047,FALSE
"82",105,0,0,1,0,1,1,1,0.848633784800768,0.229345232713968,0.0270452222321182,0.985336207784712,1,1.49970512534062,0.884113665836337,1.03901046144875,NA,0.591759009255425,0.784827614440409,0.597530353134464,1.0742763959399,NA,NA,0.820684173570646,0.826743064212175,0.786233559988931,-0.688484859416705,FALSE
"224",106,1,0,1,0,1,1,1,0.564455378334969,0.91012264858,0.440215114271268,0.905068897176534,0,1.50653058100595,1.30527087644885,1.31784740678254,1.44257412305256,NA,0.948671834486453,1.33760574429336,1.04842025361373,0.862836739074476,NA,1.24633242708514,NA,1.32992594902784,-0.218401392949465,FALSE
"130",107,1,0,1,1,1,0,1,0.644469383638352,0.657239284832031,0.357686649309471,0.983476669760421,0,-0.0223449023317073,-0.159793373014284,-0.0716248149688504,-0.0629978100881116,0.0421947523699636,-0.659276873673328,-0.445869437923854,-0.160661547636888,-0.465184218189578,-0.0708971444645006,NA,NA,-0.29185245595856,-0.159029897879823,TRUE
"89",108,0,0,1,1,1,0,0,0.507757416926324,0.542442573001608,0.974430734058842,0.555238219676539,0,0.388852497785426,0.14050815141097,0.416135999779805,0.196016466425284,NA,NA,-0.131060842114516,0.114702596733389,-0.0761405943765543,-0.247326489947949,-0.560693116085705,-0.0101951053670715,-0.391055533587851,-0.691170059032571,FALSE
"108",109,0,0,1,0,0,1,1,0.17296431469731,0.0180954136885703,0.679227352375165,0.477129588834941,0,1.49504617034976,1.16794894932371,1.30914943554336,1.30812770169516,1.00859258920588,0.974733178435756,1.08112395945371,NA,1.06374091578204,0.621338205412176,0.611852351992518,1.29064480462069,0.92397257523786,-0.633094186033954,FALSE
"13",110,0,0,1,1,0,0,1,0.137521973345429,0.159742638934404,0.826114465016872,0.659987898776308,0,2.06951844281144,2.05166114570375,2.10571211884958,1.67529013331082,1.55664881876508,1.27138546594232,NA,1.54230004315837,1.31732312536223,1.27736925419602,1.04029721485884,NA,1.20017565917418,-0.89690440006843,FALSE
"168",111,1,0,1,0,1,0,0,0.152774207061157,0.240085286321118,0.610331983305514,0.955514265689999,0,1.50027543949542,NA,1.05604830286322,1.30317017967155,1.03122521161378,1.1123607538001,1.05498519778017,NA,0.916424309316535,0.971067853072543,0.89276634807212,1.0612801659243,NA,-0.525237317139095,TRUE
"25",112,0,0,0,1,1,0,1,0.221738608088344,0.794426862616092,0.11496367235668,0.0489053395576775,0,1.66807128581328,1.49683724559105,1.48065602824116,0.965925859645622,1.09630675997181,NA,0.971694765598854,NA,1.19232441085196,0.589801265585893,0.897947452995346,0.940213738049435,0.672464161038456,-0.892964631396,FALSE
"178",113,1,1,0,1,1,0,0,0.242110754596069,0.112850269768387,0.191858440870419,0.555422616191208,0,1.71212616742291,1.29262485664604,1.4584723123574,0.740518919097506,0.971160330355589,1.11978740742624,1.08182655023688,0.999563218597738,NA,NA,1.2470217848518,1.12422723981851,NA,-0.526501655087753,FALSE
"18",114,0,0,0,0,1,1,1,0.462632203707471,0.711937841027975,0.729737556073815,0.880496040452272,0,2.59689129950269,NA,2.09330298829702,2.40208136741961,2.47613366407343,2.15674470680739,2.21257590804331,NA,1.97294883081683,1.89307020888377,1.80017665369042,NA,1.69718806487999,-0.800079657017968,FALSE
"78",115,0,0,0,0,0,0,0,0.0602584797888994,0.652336416300386,0.632559973513708,0.385438165161759,0,0.734702336198333,NA,0.251357551476637,NA,NA,0.320232631030927,0.245536763581816,-0.147894683383955,0.260986723626038,0.0500161937283852,0.027840438188845,-0.213252710387357,0.142791889296011,-0.732853383491862,FALSE
"83",116,0,0,1,1,1,1,0,0.397043706849217,0.969580847071484,0.111214108066633,0.377597983228043,0,2.80336444647752,NA,2.13282633664605,2.14988470731318,2.39588594922724,2.23267941625956,1.95226038327114,1.92855435129595,1.87444893174868,NA,1.73834872726623,1.9314119775555,1.76819691566088,-0.990711906316645,FALSE
"121",117,0,1,1,1,1,0,0,0.783850191161036,0.67916197096929,0.914373704930767,0.775890598306432,1,1.79607114175375,NA,NA,1.51662597867519,0.915901116086595,1.33751534171668,1.48402923061256,1.46703985386971,1.17927866216174,NA,0.843077243118565,1.26602891689655,0.999887364737678,-0.759739966836158,TRUE
"63",118,0,0,0,1,1,1,1,0.322062234161422,0.680046326015145,0.075443257112056,0.850066095357761,0,2.23763236174551,2.34254448008892,NA,NA,1.76403644852746,NA,2.01432497069296,2.20578332741532,2.30191292608837,1.92701147565748,1.89125971727349,1.9763415768956,1.83401527460246,-0.330475350638256,FALSE
"88",119,0,0,0,1,0,0,1,0.523798970272765,0.327928164741024,0.00209649396128953,0.955161389661953,0,0.708974315360767,0.297380920946858,NA,0.824558935244037,0.587472481715134,0.564293199047734,-0.159307150970609,NA,0.356239766347527,NA,-0.0544476830334236,NA,NA,-0.76342199839419,FALSE
"244",120,1,1,0,0,0,1,0,0.155179484281689,0.505288323620334,0.688121054088697,0.0630570829380304,0,2.04224041634092,NA,NA,1.40857576784597,1.41980976413533,2.00126931049204,1.36839230982929,NA,NA,NA,1.32869618901291,NA,1.60080878117993,-0.577487931244504,FALSE
"214",121,1,1,1,0,1,0,1,0.267370768357068,0.820789017248899,0.103432240430266,0.15656376676634,0,1.0959787365819,NA,0.861665016090834,1.18300729761641,0.743650689059489,0.810641822506292,0.661341075105194,0.807703875528993,0.67515245257861,0.751158714491647,0.860681777589335,0.627317288622559,0.820149962926559,-0.331151800674375,TRUE
"71",122,0,0,0,1,0,0,0,0.419041402637959,0.579066721489653,0.183088506339118,0.879890103125945,0,0.656659972209748,0.683102101814644,NA,0.245605573182108,0.232813774839957,0.587555072061518,0.455125464403044,0.130454501676723,0.353121751517242,-0.402940482787039,-0.16170784405595,0.242555194158699,0.06504941937637,-0.720920900536728,TRUE
"210",123,1,1,0,1,1,1,0,0.15156297548674,0.552018789341673,0.688372065778822,0.730046254117042,0,2.88277584883446,2.61369645394137,NA,2.31560201713127,2.11842505676519,1.86258113868196,NA,1.95888893780615,NA,NA,NA,1.85137082419293,2.39067239214434,-0.761754240665821,TRUE
"187",124,1,1,0,1,0,1,0,0.657633019611239,0.413566812640056,0.665324692381546,0.724849548656493,0,1.33579027203619,0.767219281735896,0.83518623373215,0.669700293330094,0.606886034410758,0.826690139368759,NA,NA,0.71895124489514,0.84727460700431,0.473450030004579,NA,0.945412699161947,-0.580411159979247,TRUE
"7",125,0,0,0,1,1,0,1,0.537344543030486,0.837943077087402,0.737406677799299,0.817493659211323,0,0.96263454526207,0.896544168478258,0.82959768103939,0.261583516236893,NA,NA,0.770880604415099,0.116628648340144,NA,0.0178809707079577,0.18455405215791,0.1495023640613,0.263967680297312,-0.80865827845595,FALSE
"153",126,1,0,1,1,1,1,1,0.444822593359277,0.583471081452444,0.533983454341069,0.991436541313305,0,2.90654329624167,2.18764897411191,2.11785211976863,1.70592589432425,1.98729964743474,2.19327157640552,1.87394255208397,1.99901567458075,2.09782691726479,2.22574191518834,1.9859678082787,1.88957055433978,2.45991595613951,-0.766244237755087,FALSE
"221",127,1,0,0,1,1,0,0,0.300061565823853,0.722162166843191,0.388333469629288,0.228034210158512,0,0.751136431990494,0.946493484273574,0.414790576254976,0.63419948325978,0.473652469486425,0.606260927157708,0.340033926626823,0.352062031061028,NA,NA,0.454920835990352,0.604237717419946,0.295019321011775,-0.299743807183136,FALSE
"50",128,0,1,0,1,1,1,1,0.371598198311403,0.0299409837462008,0.548633878352121,0.494527160655707,0,1.69582942613521,1.211774724786,1.35976096525827,1.02446569071465,NA,0.949886119069661,0.959166881621008,1.22839454142148,NA,0.693740741168959,0.736488549838636,NA,0.976525978071299,-0.893577669775579,FALSE
"141",129,1,1,1,1,1,0,0,0.128033709013835,0.363626450300217,0.0940545678604394,0.43817637860775,0,0.439496258021623,0.0260919612723799,-0.384424816721563,-0.227484253379425,0.0325067888681895,-0.329641960516673,-0.288030289194486,-0.0315691868646002,-0.523950459005985,NA,0.0369842761957541,NA,-0.763243432663962,-0.802625836255727,TRUE
"179",130,1,0,0,0,0,0,0,0.469184151152149,0.827852706192061,0.466301996028051,0.558298339135945,0,0.171694542984643,-0.074474057085418,0.0689703796217528,-0.235772071066364,-0.399309629582725,-0.234588225362015,NA,-0.142756641813834,NA,-0.196668535134066,-0.110149481129703,-0.236798406799726,-0.250496508997202,-0.370222775999818,FALSE
"143",131,1,0,1,1,1,0,1,0.819631685968488,0.626608862774447,0.333570378366858,0.225270390510559,1,0.997306192301819,0.537901604424322,-0.114040580937962,NA,-0.173328742257578,0.585805293283065,0.25770808346153,NA,0.204400262202797,NA,NA,-0.0138630318850729,NA,-1.01116922418689,FALSE
"64",132,0,0,0,1,1,0,0,0.00586823979392648,0.537618218455464,0.233397749252617,0.214670400135219,0,1.53291796508103,1.21882755916592,1.1087437014032,1.45904122097249,1.28470960764718,1.22496293560854,NA,0.948970723376475,0.954043087837105,NA,0.855001744141785,NA,0.829500743356428,-0.690666721331923,TRUE
"172",133,1,1,1,1,0,0,1,0.419729336863384,0.948958943132311,0.663428251631558,0.500770487589762,0,1.67832790771156,NA,1.54411213444326,1.20746362121036,1.19314803676794,1.15088233853177,NA,NA,1.33281605948263,1.22755688544216,1.1250002586917,0.935000627852274,1.07797893166821,-0.586943731797978,FALSE
"106",134,0,0,1,0,1,0,1,0.0165163532365113,0.682659423677251,0.624928385717794,0.0682465243153274,0,1.32001948840641,NA,0.922331080518291,NA,NA,0.761209257390736,1.03001031266691,0.519119627999792,0.775651017800028,0.722922044340417,0.252882686631641,0.328480262280136,0.223379206859874,-0.938103438378392,FALSE
"22",135,0,0,1,0,1,0,1,0.249793817987666,0.236842077225447,0.85652049863711,0.743694072123617,0,1.75620289238682,1.82037785609783,1.60470759630027,1.36570591490976,1.20526046616964,0.939787918850125,NA,1.30211144581315,NA,0.797110465823209,1.22044814947036,0.902173146200447,0.87025997234361,-0.808704958927411,FALSE
"21",136,0,0,0,1,1,0,0,0.719353850232437,0.823402378242463,0.89983590436168,0.872979937354103,1,0.292784529875036,0.101868479732883,0.212668063903977,0.102473889543869,NA,NA,-0.023591952592686,0.12345202585694,-0.0878892182760437,NA,0.202903301782803,-0.259775205986258,-0.176815427070561,-0.370680306966375,TRUE
"70",137,0,1,1,0,0,0,0,0.304803435690701,0.941013174364343,0.0482736784033477,0.691099683986977,0,0.332854337933816,0.219573541873708,0.182154880220428,-0.205013067973272,-0.0691022168797056,0.0518863253032333,-0.421541894407579,NA,-0.366781113957744,-0.376886104615812,-0.242979739921082,-0.279972411945136,-0.330709293498982,-0.640491225429069,FALSE
"69",138,0,0,0,0,0,1,1,0.45543002942577,0.358949874993414,0.165447306120768,0.921208222163841,0,2.22312233372175,2.39501850127551,1.83482101254781,1.77920563023163,NA,1.41075058756378,1.88614134726924,1.2341412256884,1.5989680766886,1.55307095177743,2.08765937632771,1.31717449453852,NA,-0.570487392840524,FALSE
"135",139,1,1,0,1,1,1,1,0.47825006628409,0.540638521779329,0.622675898019224,0.240448128897697,0,1.38137957765598,0.561595622486438,0.825505290019869,0.638173780753946,0.283472891879993,1.13242582728193,0.74173189321512,0.43967714239285,NA,0.729553344095478,NA,1.09058313075639,1.01629658898124,-0.435901889711609,FALSE
"23",140,0,0,0,0,1,0,1,0.441586733330041,0.0336296269670129,0.941223804373294,0.342231290880591,0,1.35876690682036,1.22781941949014,1.21436044003074,0.964174760964408,0.788288766787864,0.91724065944475,0.426399992463151,0.529308260227638,NA,0.846522186234061,0.361768048612503,0.325487308896039,0.733208439265682,-0.792020411068292,TRUE
"228",141,1,0,0,0,0,0,0,0.646336852340028,0.507879587588832,0.943555451929569,0.983636910794303,0,0.654858388741049,0.386817047024522,0.393465185628566,0.301776658169906,0.179307908552132,NA,0.0647689565163432,0.215163411671599,0.199280161768345,NA,0.40923587228286,0.0627309940482938,0.298125846450056,-0.398160817813979,FALSE
"237",142,1,1,1,0,0,0,0,0.0257198058534414,0.918153600767255,0.839538185391575,0.42960462719202,0,0.721836163070417,-0.027342022672349,0.198275242076232,NA,0.246542241398334,0.55992738182991,0.0145346996174433,0.31031871546318,0.323668927515904,0.0708438963835822,0.401572944333674,NA,0.194104013467878,-0.499662545008705,FALSE
"110",143,0,0,1,0,1,0,0,0.560944349272177,0.989892928861082,0.516769539797679,0.698205347405747,0,0.243013079990034,-0.0480307628119796,0.124033464166569,-0.0674073044745207,NA,-0.227452554326003,-0.11656321999493,-0.196065863211433,-0.353139504390239,-0.470918865369863,-0.460288670536179,-0.331520202274405,-0.369684750875344,-0.651116202253981,TRUE
"229",144,1,1,1,0,1,0,1,0.462302629603073,0.434136433526874,0.52691548736766,0.238736841827631,0,1.52274045231633,0.663923653178578,0.962488347185865,0.997021004692866,NA,1.12122575759416,NA,0.908554840542313,0.808877613498492,0.515282781119125,1.01992273788751,1.03948128561926,NA,-0.664511517441028,FALSE
"198",145,1,1,1,1,0,1,0,0.282075119903311,0.612568276934326,0.244613080983981,0.898866659030318,0,2.43507892409931,NA,NA,1.96365899952958,NA,NA,1.69109020155105,1.58873048179335,NA,1.99187722887809,NA,1.94320320859119,NA,-0.467538705364671,FALSE
"236",146,1,0,0,1,0,1,1,0.436880405526608,0.53873871685937,0.976365475915372,0.151398947928101,0,1.44638964727662,1.38569258243969,0.932509272690659,0.985175997976044,0.891026557734778,NA,NA,NA,1.08822976845879,0.915847443858622,0.53845610823405,NA,0.647534530376591,-0.745776953120203,TRUE
"235",147,1,1,0,1,1,1,1,0.476502306293696,0.943399738287553,0.628321310738102,0.898429661523551,0,1.6034993887303,1.55004049399885,1.43729851477241,1.11678525723377,1.42012113791739,1.72989106396006,1.43716372684062,NA,1.36042725172337,1.5822506055917,1.34983487297539,NA,1.23655258051093,-0.213953369037634,TRUE
"231",148,1,1,1,1,1,0,1,0.741972769843414,0.600639898329973,0.67190095083788,0.476953027769923,1,0.803707483429385,0.487507509112899,NA,0.0655227570098757,0.128989953973096,-0.278490549947207,-0.327187785317463,-0.404438945130006,-0.248808787639647,-0.308787872788388,NA,NA,-0.201954314684513,-1.05907857716584,TRUE
"186",149,1,0,1,0,1,0,0,0.349429234629497,0.63883903902024,0.907712956890464,0.939974490087479,0,0.527986436011374,0.412869989522189,0.21898202582867,NA,0.609148172003801,0.275440461223132,NA,0.126898229562785,0.0860497173953405,0.315563728590323,NA,-0.184604255295928,NA,-0.462506699364177,TRUE
"29",150,0,1,0,1,1,0,1,0.456228265538812,0.731521180830896,0.55818987917155,0.907565955305472,0,0.528689781372622,0.320850610874687,-0.101177064241281,0.103147953277791,0.147666403671824,-0.0382562446923994,-0.216294965997864,-0.53555557010601,-0.403687493213495,-0.60563515558644,-0.403877712438033,-0.619368847214085,NA,-1.07165035311881,FALSE
"184",151,1,0,1,0,1,1,0,0.476396628655493,0.788533727871254,0.781923412112519,0.10281231533736,0,2.40159891058573,1.90376719133368,1.66955907456838,1.99450723514523,NA,2.13839401618812,NA,1.90879631258698,NA,1.71169644995935,1.63706294576826,NA,1.8889099309509,-0.655709135026223,TRUE
"249",152,1,1,1,0,1,1,1,0.0644629199523479,0.32792214746587,0.168363998411223,0.340657058171928,0,2.30183535831227,1.5824519753946,1.23642995596758,1.7228978708441,1.46467237745429,1.57474283027877,1.4920465857332,1.20114363862587,1.4557826224384,NA,1.24724642035,NA,NA,-1.05458893796227,TRUE
"42",153,0,1,0,1,0,0,0,0.370252983877435,0.222201403230429,0.587681542150676,0.998759536538273,0,0.524088479768598,0.322481371168725,NA,0.255992760516593,0.364168016122492,0.297611788192376,0.0912083843423217,-0.0702634204367689,NA,-0.15171918475465,-0.35404496096549,0.0139692536962289,NA,-0.688020110443236,FALSE
"131",154,1,1,0,1,1,1,0,0.423655962571502,0.98435544478707,0.100753942271695,0.538326034555212,0,0.696980834475954,0.313502566608438,0.708305526274028,0.874090131610346,0.234637410927321,0.354758825435307,0.272941057749892,0.523188553173407,0.751991816714391,0.774174243120412,0.594759487195472,0.407788419121538,1.03367996682689,0.0056196945901239,FALSE
"173",155,1,1,0,0,0,0,1,0.98776776669547,0.024828395107761,0.80044476618059,0.258054106729105,1,1.68732140936999,1.31442370005132,0.968593204445814,1.01288334260466,1.05954990355039,0.909741206008965,0.763226284553928,0.513994746364784,0.246083536068629,NA,0.233775562154183,0.860854540343578,0.612877330557327,-1.1181522650183,FALSE
"223",156,1,0,0,1,0,1,1,0.693747285753489,0.585447454825044,0.170124924276024,0.65856122598052,0,1.23237174742412,0.990659815850718,1.11645498709809,NA,0.651663584820115,NA,0.805295771120023,NA,NA,0.547408942750301,0.270209810915205,0.621124149264069,NA,-0.752790779780926,FALSE
"129",157,1,0,0,0,1,1,0,0.990808628732339,0.0824241153895855,0.825335879810154,0.741632065502927,1,1.73687005553231,NA,1.38237055207669,0.679502364684803,NA,0.56456916594813,0.797440537645825,0.849420408038637,0.363300148491578,0.673415757864079,0.411695140840757,0.61659359541607,NA,-1.16963522415868,FALSE
"125",158,0,0,0,0,1,0,0,0.263455022592098,0.979655105154961,0.298557985341176,0.220906930975616,0,1.06811076758175,1.40886489355247,1.09577060419079,0.702638467225344,NA,NA,0.996308137326874,1.01513384088233,0.748391668263835,1.11138625417769,0.726878951364984,0.711474926650496,0.750241574374333,-0.243115340939873,TRUE
"73",159,0,0,0,0,0,0,1,0.737471041735262,0.133876011939719,0.900988392531872,0.056507985573262,1,0.397987174955569,-0.0818061186987362,-0.437108179490271,0.0141678961784999,NA,-0.154024391330568,-0.0909828456341124,NA,-0.293698876624234,NA,-0.172555723762679,-0.273953298099422,-0.418826572617764,-0.686432373115524,FALSE
"212",160,1,0,1,1,0,0,1,0.500568532850593,0.675632774829865,0.478931170189753,0.682363183237612,0,1.21364304670141,NA,0.648993748742516,1.11624409318596,0.960642721860117,0.751168916285899,0.695216319999154,1.14187362775753,0.591669774278322,NA,0.717682901969037,0.264767019017938,0.626268209615073,-0.677403669834063,TRUE
"80",161,0,1,1,1,0,0,0,0.539342578034848,0.258888866985217,0.286399881821126,0.48143639229238,0,0.394829820353779,0.0108250192934971,NA,-0.249321147119837,NA,-0.337386637565999,-0.599035249629098,-0.240238566020323,-0.499661185066263,-0.369559817054393,-0.937915422402807,NA,-0.704662670482169,-1.06554245700024,FALSE
"203",162,1,0,1,1,0,1,1,0.676517235348001,0.33050476689823,0.286004432244226,0.721727965865284,0,2.42432646516483,2.13831314587373,2.17732993647819,1.86772671707251,2.30920849979782,1.98705014966337,2.04026544713866,NA,NA,NA,1.85548294066692,2.17312667148409,NA,-0.410021659089332,FALSE
"11",163,0,1,1,0,0,0,1,0.653550594113767,0.311966919107363,0.0283326958306134,0.650380464503542,0,1.41489379403427,1.34126336382939,1.5395023367747,1.05697395745977,1.21701306895862,1.15739660564085,NA,0.854382595960247,NA,0.958971813948506,0.681029759074347,0.840974958020634,NA,-0.587901617019772,FALSE
"4",164,0,1,0,0,1,0,1,0.823393294354901,0.774831358576193,0.599059320986271,0.431989003671333,1,0.0692929845623523,-0.494918468476674,NA,-0.383791959700503,-0.41824368430798,-0.710775453877363,NA,NA,-0.589369340288604,-0.730305616905932,-0.318929789976336,-0.276356135958174,NA,-0.511156832175833,FALSE
"104",165,0,0,1,1,0,0,1,0.657674336107448,0.124812941765413,0.822384140454233,0.42245560977608,0,0.760723317986482,0.849599054062565,0.831333541352878,0.816452449112246,0.469652875049472,0.280756693713372,0.31221299685355,-0.194262734725685,0.225399916094259,NA,-0.174745095917,-0.241294432840849,-0.109327625096878,-0.935845702604724,FALSE
"76",166,0,1,0,0,1,0,0,0.47132907086052,0.801881056046113,0.809764049714431,0.996977349044755,0,0.614172693657419,NA,NA,0.169333916299628,-0.0385976807028627,0.0106515083764092,-0.368803104824712,-0.086083880792051,NA,-0.031662823589265,-0.198601308903153,NA,-0.734287150052037,-0.935689787838903,FALSE
"217",167,1,1,1,0,1,0,0,0.150112381670624,0.558286112500355,0.898452976252884,0.184774942463264,0,1.50360286394958,1.14993118189008,0.952950626691515,NA,0.803538659326152,1.19806083828239,NA,1.27512986501822,1.07109600678151,1.20125859506633,1.22995269445376,1.16133358655066,1.01752811280174,-0.351084616731456,TRUE
"56",168,0,1,0,1,1,0,1,0.574375465046614,0.156620447756723,0.859150654636323,0.990829198388383,0,0.338077561115594,0.562216006820744,0.0590709939785826,-0.0881909355957912,NA,-0.164929731565536,-0.118383895989256,-0.190355721619607,NA,NA,-0.454134116223116,NA,-0.414295992014653,-0.772292615234478,FALSE
"216",169,1,1,0,0,0,1,0,0.524735500803217,0.889818002469838,0.235637906705961,0.699612522497773,0,1.2984109188966,NA,0.750272082518502,1.08272389260695,0.599009445037102,0.319228707580623,0.948018639403913,1.16761849942512,0.673920140825921,0.725633367206853,0.860782296682475,NA,NA,-0.50520308695194,TRUE
"151",170,1,0,1,0,1,0,1,0.876522874925286,0.227622397011146,0.599800801137462,0.0804104686249048,1,0.957572102874739,1.07656204985396,1.19018234269885,0.776161644743922,0.587173209588778,0.828029402668098,0.691513967448314,NA,0.52052175810886,NA,0.573745467670299,0.549994594797426,0.657377474996675,-0.363866257053272,FALSE
"144",171,1,0,1,1,0,1,0,0.208521782653406,0.859919350594282,0.417922215070575,0.794014351675287,0,1.55454781070206,1.03997696696746,NA,1.3497540688127,1.2576888094021,0.965773792062874,NA,NA,1.23785858865478,1.07702685565854,NA,NA,NA,-0.477520955043514,TRUE
"17",172,0,0,1,1,1,1,1,0.451167466584593,0.827505819266662,0.250213900115341,0.577915715053678,0,2.53029688285784,3.11181361514348,2.41197194233786,2.42317354828195,2.33297310058598,2.15948042610011,1.84966023260852,NA,2.23741320398424,1.97828906869482,2.08635325571026,1.67140566206422,1.68288804690381,-0.675562874514563,FALSE
"33",173,0,0,1,0,0,0,0,0.454848374472931,0.856451257364824,0.328146860701963,0.844262432307005,0,0.869619846598065,1.01479848401362,1.05284018102244,0.70632738651518,0.958967836828745,NA,0.680522908386177,0.490259535678465,0.491155661372281,0.41760397928414,0.659022953506367,0.221592804439324,NA,-0.436879934188121,TRUE
"164",174,1,0,0,0,0,0,1,0.439699929207563,0.466030190233141,0.139451734255999,0.251267823157832,0,1.06526591815565,0.629613152490382,0.670718619711913,0.571236053873422,1.05629953769477,0.569259944236294,NA,0.327816429591966,0.442635297472745,0.118373993599552,0.169521568635276,0.216060549883185,0.332544828228765,-0.856140683068958,FALSE
"66",175,0,1,0,1,0,1,1,0.0683067750651389,0.109461785294116,0.960521945729852,0.321177546633407,0,2.18039871845141,2.03212964916479,NA,1.92073031422304,2.1356896146903,1.74874558587933,NA,NA,1.49632062471754,1.62621373614452,1.55007557043391,1.66765010742108,1.15251793231938,-0.681284381871688,FALSE
"147",176,1,1,1,0,1,0,1,0.747768937144428,0.00291627598926425,0.199855529470369,0.33379363338463,1,1.25555096431178,1.58519342589511,0.927007996927586,0.890327492565665,1.00712445742903,0.838683052794504,0.732292828265791,NA,0.443908360427545,NA,NA,0.403085970381562,0.378710804872523,-0.864652576684737,FALSE
"246",177,1,0,0,0,0,0,1,0.914186872309074,0.741675691911951,0.0102699287235737,0.695753845851868,1,0.884080505813748,0.463539229740402,NA,-0.110130144598655,-0.0804894052133101,0.179766116075645,0.440587022846891,0.163397167968324,0.30550238346835,-0.200546141565204,0.0693635119734109,0.0348387437671298,NA,-0.916195134421969,FALSE
"138",178,1,1,0,1,0,0,0,0.493410493480042,0.259116885485128,0.575669941026717,0.17762394878082,0,1.59115663472043,0.987325994006278,0.878911812306498,0.556418463854005,NA,0.916873845564053,0.849896790493543,0.807752018290098,NA,0.873964713395589,0.925217736887287,0.937059769727256,0.885237767353677,-0.685786637879477,FALSE
"91",179,0,0,1,1,0,0,1,0.544005002593622,0.29540632548742,0.943168730009347,0.470882216934115,0,1.12513086313444,1.00255381288424,0.805032506861423,0.399331304813321,0.676132493306209,NA,0.512968731242418,0.376647129635515,NA,0.366181341507152,NA,0.696899641982057,NA,-0.593590371389832,FALSE
"75",180,0,0,0,0,0,1,0,0.00182646582834423,0.749460841994733,0.457716749049723,0.828035320388153,0,3.26317379918239,NA,2.41324059305184,2.63287379425668,2.65452574367709,2.60931014597122,2.46301062922488,2.66794235191367,2.33129108193645,2.29980630399983,2.19765485882634,2.33093897263549,2.23224939584822,-0.998011416354917,FALSE
"126",181,1,0,0,1,0,0,1,0.463319989386946,0.727317069424316,0.534145024372265,0.0260153999552131,0,0.00477963982718443,-0.103889047823259,-0.0472561298399731,-0.387851806910851,-0.806496813807047,-0.22598504182577,-0.777052650788244,-0.821101842316801,-0.202888858588076,-0.310840667159488,-0.446743591195022,-0.600519155007454,-0.0792880972975549,-0.364127517492064,FALSE
"40",182,0,1,1,1,0,0,0,0.359251571586356,0.482856850139797,0.601013636216521,0.530434007290751,0,0.81149880279336,0.376257646562511,0.487903356512243,0.00163896367022109,NA,0.14459614855601,-0.274630741773877,-0.128204854319577,NA,-0.209734432637291,0.066692470264468,-0.30898874867429,-0.367487407392468,-1.01637833240326,FALSE
"3",183,0,1,0,1,0,0,0,0.54129491536878,0.597481159493327,0.618470691377297,0.329453295795247,0,1.7960194437128,1.51280059952744,1.38782064916086,1.43693397271128,1.27902658584293,1.04266671303064,NA,1.25025455849222,1.0927092153218,NA,1.18607643436982,0.985728811018227,1.23042314816369,-0.661943312528889,FALSE
"16",184,0,1,0,1,1,0,0,0.285688497824594,0.565547573845834,0.375591819174588,0.25913394195959,0,0.742399483135278,NA,0.772776867907788,0.59115509853983,NA,-0.120899483699527,0.043432549458486,0.519009246955182,0.0159689912325264,-0.243049011720181,NA,0.29243654340464,-0.133150710742978,-0.770320542821452,FALSE
"196",185,1,1,1,0,1,0,0,0.673833533655852,0.276391283608973,0.265403245342895,0.161880628671497,0,-0.225337488507442,-0.400935789793323,-0.570056011337602,-0.46742521814622,NA,-0.344877716932711,-0.72182347633372,-0.933633253158222,NA,-0.590331429430801,-0.600175945472042,-0.589336739789503,-0.553184332001028,-0.357919623165901,FALSE
"171",186,1,1,1,0,1,0,1,0.859010903630406,0.950940046226606,0.650958123849705,0.150891091907397,1,-0.0890589827609078,-0.140136220346344,-0.22471389740925,NA,-0.37489148653968,-0.345574375627779,-0.706824056970642,NA,-0.647937174296372,-0.777035945069246,-0.838853997988606,-0.449998327246538,-0.812580576279454,-0.630558228885053,FALSE
"52",187,0,0,1,0,1,1,1,0.68298726179637,0.647160393651575,0.5884914486669,0.157435950590298,0,1.99260721366655,1.95524366251375,1.59824702202321,1.95580467448236,1.66045770537956,1.32088989550604,1.10691302339108,1.09676902255014,1.4623387961748,1.19308447275125,1.72419482331092,NA,1.31458825679062,-0.581984696048954,FALSE
"24",188,0,0,1,1,0,1,1,0.129967869492248,0.517875767545775,0.0349998010788113,0.454553600167856,0,2.12138277285985,NA,2.07211517033071,2.35093366203954,1.84704208754448,1.44484231902731,1.81131659419795,1.7017192739358,NA,1.19024243365219,NA,NA,NA,-0.931140339207653,FALSE
"181",189,1,0,1,0,0,1,0,0.0517709334380925,0.460645164595917,0.61897036107257,0.726431746734306,0,1.95377761882975,1.41757641891193,NA,NA,1.1122814757036,NA,1.84614039466343,1.3652953195894,1.52573264218152,NA,1.22251134227026,1.51307133535262,1.3112512831295,-0.604832965245629,FALSE
"242",190,1,0,1,0,1,0,0,0.341289446922019,0.0453149776440114,0.917261514812708,0.352995368186384,0,0.621386066827279,0.12717535172235,0.267044228538494,0.252098403554202,0.31018726294118,0.0927209377768164,NA,0.222005233089654,NA,0.0465674037928465,-0.0338341327445245,NA,0.237879795951715,-0.537848377827267,FALSE
"248",191,1,1,0,1,0,0,0,0.384143558796495,0.800239948788658,0.896729029715061,0.310723080066964,0,1.31457436364444,1.23847063284923,0.818459322813355,0.722286905597582,0.747214828897639,0.256775123528493,NA,0.895378081894665,NA,NA,0.906630280093687,0.808465707660841,0.717160334923644,-0.503822256085047,FALSE
"165",192,1,0,1,0,0,1,0,0.272918579168618,0.416313929716125,0.617604294326156,0.655091616790742,0,2.01118328259367,NA,NA,1.8249316882054,1.66727576691588,1.66276741980035,1.51197109551847,1.30437419798997,1.4016679100711,1.63505577912632,1.78242306957892,1.78914924501024,1.62351602166678,-0.303647253748103,FALSE
"111",193,0,1,0,0,0,1,0,0.781490558292717,0.423595973057672,0.650862799724564,0.235612207325175,1,0.924453853893611,0.610026920310322,0.279462092932715,NA,0.202082249866126,0.442278844790359,0.248637227308836,0.170797908122211,0.528486332954642,NA,0.127825126681651,0.112914873533993,0.154081366612929,-0.79284673161742,FALSE
"132",194,1,1,0,1,0,1,1,0.80840407172218,0.78849189192988,0.31282290793024,0.427548060659319,1,2.18556265764851,1.8653443527257,1.73325672054247,1.56883415393153,NA,NA,NA,1.0874049070589,1.57042554592376,NA,1.15986853865615,1.27712302751241,NA,-0.967066874564231,TRUE
"159",195,1,0,1,0,1,0,0,0.492595198331401,0.511642441153526,0.154726536944509,0.87159753520973,0,0.908063408851444,0.480722310069201,0.227633989593471,0.604692588307178,0.574825205119577,0.00540142144675348,NA,0.101072072863189,0.361114051225153,0.134824715734083,0.445044033601438,0.706856887471075,0.2665969300329,-0.51973276714157,FALSE
"152",196,1,0,0,1,0,0,1,0.715146099682897,0.532553812721744,0.82335873041302,0.56205093767494,1,0.488755934414944,NA,0.546755199705747,0.343390706234668,NA,0.0755672348121202,0.294702031560848,0.0313993423639641,-0.0815860941865672,-0.333950597907436,-0.343515252603373,-0.268891503607726,NA,-0.80420838578779,FALSE
"93",197,0,0,1,0,1,0,1,0.87627604813315,0.340437603881583,0.798924979753792,0.419827053556219,1,1.12248877707801,0.835466900133984,NA,0.828213649076252,0.964159391967991,NA,0.222491820033284,NA,1.04960958451738,0.466507778408187,NA,0.692890810537608,0.607463829638956,-0.533534637549763,TRUE
"39",198,0,1,1,1,1,1,0,0.848468739306554,0.351450559217483,0.118641811655834,0.36346140014939,1,2.37064837060651,NA,1.55230319281658,1.5942388624876,1.45466128640375,1.47029877294057,1.36444569488188,NA,NA,NA,1.35931722380624,1.1096387693422,1.60013022255507,-1.01428629870534,FALSE
"99",199,0,0,1,1,1,1,0,0.100270351860672,0.250233700731769,0.232434300938621,0.598713559564203,0,2.010893997858,1.92870933185813,NA,NA,NA,1.3734125169189,1.11937203013229,1.20883225866611,1.63452312885315,1.11399682236641,1.34252322241377,NA,1.07056685703198,-0.835198363920614,FALSE
"74",200,0,1,0,1,0,0,1,0.0532886253204197,0.270791269140318,0.18125345534645,0.246933340327814,0,0.801197007463933,0.38902857665604,0.560382187353497,0.392085589235873,NA,-0.111135209545009,0.115185621260555,-0.0514808868370202,0.318911733662242,0.275355834497759,0.0103758233338674,0.0551929715022543,0.117617303902397,-0.686561524154864,FALSE
"32",201,0,0,0,1,0,1,0,0.220125080551952,0.799998601898551,0.534956255927682,0.530655878363177,0,1.38706795740388,1.61225248073251,1.44170574134683,1.70540417552096,1.29600325497003,0.979987728264563,1.21180617616845,1.0693877331846,0.608492969684311,NA,0.758790998891283,1.09951789478948,1.03354820721799,-0.423115590437627,FALSE
"65",202,0,0,0,0,0,0,0,0.0575071077328175,0.50879210466519,0.118509838357568,0.243312872480601,0,1.05141057911568,0.512115326971469,1.46319302307015,1.07631528939157,0.956268100131475,NA,0.821395868910876,0.508668950692859,0.59254922762038,0.574963857157729,0.225575928954599,0.296826104300591,NA,-0.68562194897804,FALSE
"197",203,1,1,1,0,0,0,1,0.815142195438966,0.574629704002291,0.449310295050964,0.674910786328837,1,0.856662570788288,0.265586915080042,0.0661594859002317,0.149675428539121,-0.252714643780326,-0.234720776977092,-0.130188282294654,-0.116071656580922,-0.264473173905636,-0.453326016484959,NA,NA,-0.314153275364876,-1.24040221671321,FALSE
"55",204,0,0,1,1,0,1,0,0.390253544319421,0.0684537724591792,0.763139004819095,0.651692938990891,0,2.10258823288115,2.27439632378631,2.07365782948489,2.12053459308988,NA,1.86953433622546,NA,1.65333901030019,1.76116741589156,1.46683615332918,NA,1.31983210487263,1.43241236361891,-0.696228025607572,FALSE
"48",205,0,0,0,1,1,0,1,0.0128788242582232,0.257928148377687,0.361044177785516,0.964215880492702,0,1.15930423854234,1.03044612277535,1.34897405043885,1.39646891077574,1.11732136374846,0.828922661170017,0.76639332902529,0.554898879587867,NA,0.58157317105255,0.558341734956518,0.349553302656979,NA,-0.662814835653659,FALSE
"2",206,0,1,1,1,1,0,0,0.635762606048957,0.636351579101756,0.192208198364824,0.492324905702844,0,0.522324598549798,0.159876942003565,0.315366295169503,NA,NA,NA,-0.33200830770985,NA,0.0598468535079586,-0.300661784967028,-0.0412321412124587,-0.359613006406902,-0.143568655465785,-0.733593495562841,FALSE
"97",207,0,0,0,1,1,1,0,0.105795732932165,0.588043151656166,0.0421920637600124,0.139805536484346,0,2.74939493816262,2.75166427374354,NA,2.4389651594914,2.22111976475977,2.07200154527965,2.40400325764272,2.18713688977016,NA,1.7533802671277,1.92609885969477,1.78365452285018,NA,-0.928350388271737,TRUE
"190",208,1,1,1,0,1,1,0,0.647228265879676,0.0532648791559041,0.596581920050085,0.323202315485105,0,1.70773663701763,1.27190175578844,1.11527974035673,1.11013102713347,1.2888962728267,1.28461157399883,1.00324965065666,1.3560817729241,0.535493720604445,NA,1.15671257257955,1.34614645922036,1.09413638725836,-0.508738163998205,FALSE
"54",209,0,1,0,0,0,0,0,0.754638608545065,0.36021173838526,0.437922423705459,0.583866437664255,1,0.405634147677403,-0.323826796806132,-0.306643554928424,-0.498339443706544,-0.0684398215643178,-0.446607631181998,-0.180481566207656,-0.24612235378674,-0.512746243121416,NA,-0.579190076288873,-0.170126207189548,-0.17207981927857,-0.712766181929733,FALSE
"149",210,1,1,0,1,1,0,1,0.920226317131892,0.461835301248357,0.874567436985672,0.291458839783445,1,0.810045842349058,0.826018867253267,0.662345492647588,0.691714460020477,0.551315953762679,NA,NA,0.448779413767503,0.270294831767799,0.444343225429796,0.507452245310041,-0.145887868896116,NA,-0.541409975067818,FALSE
"59",211,0,0,1,1,1,1,0,0.467411829158664,0.329027714440599,0.110056653385982,0.785739364568144,0,2.45799828094085,2.60518672467901,2.33847432264269,2.52022923639536,2.0412902241997,NA,1.92710527138992,2.11130203188254,1.6582998545623,1.58455055160162,1.55800217155933,1.77232653712137,1.68054367947235,-0.809142546002184,FALSE
"167",212,1,0,1,1,0,0,1,0.735336971236393,0.634584789630026,0.268414328573272,0.557624497450888,1,0.955829612334538,0.38046269112783,NA,0.484749249803957,0.156263247993832,NA,0.101227304761342,NA,-0.284638764159005,-0.0633248962680779,-0.197740576338844,-0.204944362261565,-0.333184737064574,-1.1556282553178,FALSE
"176",213,1,1,0,1,0,1,1,0.221589554799721,0.0918916447553784,0.012609051540494,0.899368092184886,0,2.17925321187467,2.16397007484051,1.85103290571702,1.89828190999722,2.02796214894225,NA,NA,1.84618954978861,2.14389588717353,2.14418366289249,NA,NA,2.12800742403898,-0.0431576684089379,FALSE
"154",214,1,1,1,0,0,0,1,0.329259423539042,0.773343582404777,0.897780145984143,0.28002171847038,0,1.23110096246776,0.556171655827803,0.800511682726039,0.829044571779974,0.645904889166371,0.787181900771644,0.534572071348352,0.665591896153802,0.994147947983168,NA,0.899035522853828,0.847922069997319,NA,-0.35762216604219,FALSE
"234",215,1,1,0,1,1,1,1,0.917456579161808,0.0327099778223783,0.731690364424139,0.375399305252358,1,1.97890693069653,NA,1.64256535395657,1.45477150948665,1.35364212413827,1.30279050080177,NA,1.13283130843702,NA,0.915847730689916,1.15672749542786,0.491506558340272,NA,-1.12421300254384,FALSE
"194",216,1,1,1,1,1,1,1,0.719836730044335,0.29231052682735,0.868700079619884,0.641415005084127,1,2.53818257008619,NA,2.39785750139654,1.9723860714361,2.11641970643863,NA,1.90891697441293,NA,NA,1.65594154071787,1.56855069500141,1.61353385174861,1.3288850215284,-0.996454792837121,FALSE
"174",217,1,0,0,0,0,0,1,0.265920751495287,0.24037262937054,0.0915989724453539,0.520153172081336,0,1.01406981952966,0.776335865957603,NA,0.281795423231053,0.37146833002936,0.258394229304206,0.484532759110721,0.43547889363333,0.906089761038534,0.499150097982228,0.412410723081817,0.221001103448586,0.366995767800302,-0.639180396451431,FALSE
"225",218,1,0,0,0,0,1,0,0.306876750895754,0.561610319884494,0.490286460379139,0.572566726244986,0,1.16993388262079,NA,0.71482397050757,0.737181940954621,0.89380678477079,NA,0.826967238731372,0.902037795029441,0.60513950536136,0.957741973795393,0.598166203318539,NA,0.803173896231253,-0.383573191505729,FALSE
"156",219,1,1,0,1,0,0,1,0.468200114089996,0.445381672820076,0.837520239874721,0.952985976589844,0,0.72942988131303,NA,-0.303687025063707,-0.379230138921546,0.00447517502888761,0.0663294804067122,-0.121458365571064,-0.0154938447322936,-0.00581574812044638,0.0121549916015571,0.0338152302940983,NA,NA,-0.706444770365203,FALSE
"137",220,1,1,1,0,0,1,1,0.284947251901031,0.126876894151792,0.456870012916625,0.0529138857964426,0,2.0905122890122,1.95779579952542,1.7338465438568,1.6476632268179,1.3940499743625,1.91919624094911,1.81689542365247,1.48202120726351,1.57655179619127,1.7916550915172,NA,2.02696298891623,NA,-0.181203248795486,FALSE
"112",221,0,0,1,1,0,0,1,0.207482179161161,0.934481852687895,0.503189645241946,0.97824898082763,0,0.850284054951052,0.672391316772507,0.319496372013189,-0.0381607918194227,0.433794142593972,0.228086312717132,-0.0340342909862976,0.334999695271906,0.0362889584129182,NA,0.0615467438024243,NA,0.251484705235515,-0.693768330432083,FALSE
"127",222,1,0,1,0,0,1,1,0.220069464994594,0.933020943775773,0.191328017739579,0.779352670768276,0,2.99122082797683,1.9340894586191,2.17332783134724,2.07371098780619,2.40066749634863,1.90277098255301,1.88314422434276,2.12301221313986,2.07603142849283,1.95143823590522,NA,1.91030108487216,2.16093741435908,-0.983661916264673,FALSE
"232",223,1,1,1,0,1,0,1,0.600094420835376,0.301260059466586,0.605233680689707,0.43592029530555,0,0.816463788152847,NA,0.45166169055924,0.404296914881853,0.571184674756002,0.250320034972862,NA,NA,0.522731668700574,0.243798705183517,0.3029083506837,0.487252340956603,0.406661952891197,-0.456308450724093,FALSE
"57",224,0,0,0,0,0,0,1,0.426711032632738,0.721999480156228,0.408156705787405,0.492839087964967,0,2.38158771509156,NA,1.70270535904946,1.88892513501201,1.90603405227682,NA,1.76033983877501,NA,1.51874525153567,1.52626633251598,NA,NA,NA,-0.855321382575584,FALSE
"241",225,1,0,1,0,0,1,1,0.484070608858019,0.414369291160256,0.00169218215160072,0.0896605676971376,0,1.9434405911763,1.86506838252857,1.34299052674607,NA,NA,NA,1.04297724032361,0.78841183048312,NA,1.42250091160838,1.16615010043977,1.19934851637717,1.26146430594504,-0.681074632583709,FALSE
"119",226,0,0,1,1,0,1,0,0.361310022417456,0.77986740344204,0.208014040021226,0.0072086623404175,0,1.11081343854221,0.936388262366313,0.93654694687605,0.824019688688384,0.87390572871647,0.636969266755617,0.660005773484466,0.454274675514449,0.736751474080801,NA,NA,0.266322738011968,0.258369076241171,-0.848467531415637,FALSE
"133",227,1,0,0,0,0,0,1,0.502640712307766,0.0418941024690866,0.31962780514732,0.178879582090303,0,1.71231895103171,NA,NA,0.981496516142198,1.09303666638756,NA,1.1882915778846,NA,1.20666805748291,1.30879671606672,0.780291035077453,NA,0.991128276475722,-0.685580275158415,FALSE
"8",228,0,0,0,1,1,0,0,0.868363671470433,0.217320735333487,0.0232650085818022,0.172845352906734,1,0.220724187079486,-0.620509981621756,-0.545232223184044,-0.504225277032056,NA,NA,-0.599276017642731,NA,NA,NA,-0.395693361542487,-0.92311823148815,-0.402143404902273,-0.794375853057123,FALSE
"47",229,0,1,1,1,1,1,0,0.859432090306655,0.931505552958697,0.229188327211887,0.166671864921227,1,2.47490848134517,1.48545492284672,1.28005352337698,NA,1.63296185215457,NA,1.73615056777827,1.2231496601211,1.72447569261752,1.35605974896423,1.60919534425505,1.39721235050914,1.42516739990585,-1.0279997704366,FALSE
"86",230,0,1,0,0,1,0,0,0.855882716365159,0.652238029055297,0.461529780644923,0.110106807202101,1,1.60438981197713,NA,0.96561269726189,NA,0.663290998088658,NA,0.615906000931042,NA,0.562573128753639,0.57819199649348,0.952213052809735,0.818393934686244,0.517400701600127,-0.887839890579737,FALSE
"183",231,1,1,0,1,0,1,0,0.551686389604583,0.00307425647042692,0.940512901870534,0.701616534497589,0,2.58186035330179,2.28485706494161,1.55787556714675,NA,NA,NA,1.82859388508704,1.67441641240558,2.10811159708251,NA,2.06563152224065,2.19922862609412,2.41432676331047,-0.355464716086706,TRUE
"53",232,0,1,1,1,1,0,0,0.0963114306796342,0.334856309695169,0.907971508568153,0.162702990928665,0,0.95934853111682,0.528354633407557,0.11347833567835,0.258485183607901,NA,0.358907553951305,-0.0314761260170578,-0.597617919288207,0.0289828855060171,NA,-0.381297002389236,-0.121986342922281,-0.309422853827867,-1.23025059749662,FALSE
"35",233,0,0,1,0,0,1,1,0.370971676427871,0.767146393656731,0.00958746857941151,0.476025708252564,0,2.50441381339404,2.34846868758371,2.08193568021966,2.07649630448973,NA,1.87549881582202,2.23390309388025,NA,1.22316627346681,1.53365520013401,NA,1.6942478971744,1.39077388512882,-0.964854819248294,FALSE
"118",234,0,0,0,1,1,0,0,0.572498881490901,0.319996403995901,0.0986312017776072,0.0667216761503369,0,1.27889420951637,NA,1.12845155271379,NA,NA,0.882145703314893,NA,0.878603549530223,0.759623255282802,NA,0.712668901150881,NA,NA,-0.566225308365486,TRUE
"215",235,1,1,0,0,0,1,1,0.368004227057099,0.769294907571748,0.285007072845474,0.00451331841759384,0,1.73064533798116,1.43104050560568,1.51632191900936,NA,NA,1.27360097214998,NA,1.16370971685159,1.29186660022615,1.76741488462546,1.55176633776996,1.52203475741554,1.33844680756097,-0.185729641138178,FALSE
"200",236,1,1,0,1,0,0,0,0.025383707601577,0.514175953809172,0.285370001802221,0.402258995221928,0,0.832642395328584,0.246002781275776,0.564450939232233,-0.115540232149109,NA,0.428726699703378,0.442482504033508,0.326878495531248,0.299178040099184,0.375821467335103,0.00673005987384281,0.393659611181153,NA,-0.573905349198551,FALSE
"163",237,1,0,1,1,0,1,1,0.562099177855998,0.15988269681111,0.777904006419703,0.722347918897867,0,1.90043300683196,1.37955946578612,NA,1.21788879273792,1.34320318586758,1.43036237705107,1.30882686073622,1.10974226988727,1.54403473051571,1.17017125553714,1.25060908039575,1.46797837793371,1.44445203134231,-0.567130320529735,FALSE
"142",238,1,1,1,0,1,1,1,0.119531877106056,0.202788779046386,0.714041457278654,0.87117528077215,0,2.03066063756302,2.01341439799458,2.26003653446279,2.06884829337037,1.76609822032196,1.51091978703161,1.91656433177521,1.88560345850696,1.57087372425292,1.95787780349354,1.87924724402758,1.83424451707433,1.72344998351303,-0.181955750535902,FALSE
"95",239,0,0,0,0,0,1,0,0.293833319097757,0.64889849931933,0.494786107679829,0.829907384235412,0,1.8738161710533,NA,1.95866208994267,NA,NA,1.46975886041829,NA,NA,1.13642270527808,1.21054355872586,NA,1.42274778676118,1.43893471287999,-0.516407484930951,TRUE
"98",240,0,0,1,1,1,1,0,0.694428405258805,0.0831379957962781,0.872281780000776,0.414400934008881,0,1.30450215366799,NA,1.16766281189519,1.4476353528513,1.46429768038819,NA,1.35701712420016,1.04195439566416,0.658379833995896,0.613885221694231,NA,0.62572678483372,0.744988513537968,-0.642968646979354,TRUE
"117",241,0,1,1,0,0,1,0,0.714335383614525,0.150828393176198,0.537971631856635,0.889325086493045,1,2.18626452533462,1.72106668491319,NA,NA,NA,NA,1.1516167361861,1.54533849642022,0.98929669692381,0.899814398825182,NA,NA,1.12512709813951,-1.17379377685228,FALSE
"44",242,0,1,0,0,1,1,1,0.542045547161251,0.416279385099187,0.978359801229089,0.209966393653303,0,2.00837010206507,2.05365188278875,1.67321361789687,NA,1.20733962829999,1.46426633397428,1.51875621090179,1.38046530576105,1.2360996615207,NA,1.7056216550135,0.89353046816022,1.04528813295596,-0.793556683355182,FALSE
"148",243,1,1,1,1,1,0,0,0.940245607402176,0.681933487066999,0.725892602698877,0.638698571827263,1,0.559973670804033,0.785387027616631,0.915088329206091,0.332107729941607,0.259520488828414,0.00648671233083206,NA,-0.0240548612953461,-0.0592413196250605,-0.337247717340688,-0.452307760879847,-0.0880051875024079,NA,-0.852493892711681,FALSE
"177",244,1,0,0,0,1,0,1,0.282460935879499,0.505752018187195,0.119126359233633,0.434125318890437,0,1.41256719733834,0.884406041885809,1.05034901485031,NA,0.651985553250973,0.91139404364485,0.756526856673951,1.08367580781374,0.644859082049671,NA,0.754893834288502,0.795785443648567,1.38157113541009,-0.435150392889284,FALSE
"218",245,1,1,0,0,0,1,1,0.233332607429475,0.271195044508204,0.241564185591415,0.432045206660405,0,0.855994025343562,0.755095229907193,0.782200275663969,0.549187136335027,0.68041265137142,0.366886694146446,NA,NA,0.357235459908065,0.38536957482271,NA,0.455111238257306,0.757737122205902,-0.32325471358159,FALSE
"58",246,0,1,1,0,0,1,0,0.0335462696384639,0.100057795643806,0.568126831203699,0.378981941146776,0,1.14205180078802,1.69270148115022,1.27840253624967,NA,NA,NA,0.909237594819901,NA,0.87373403179656,0.727201818978541,0.91559240956172,0.85895567640626,0.917447444981558,-0.287252463306,TRUE
"87",247,0,0,0,0,1,0,1,0.645264302846044,0.363596866838634,0.703236743574962,0.924395178677514,0,1.70777918327562,1.83421885065686,2.03400343954941,1.4533810321956,NA,1.25573103191198,1.32210347871277,1.51764209237855,0.917279571961141,NA,0.972393191067192,1.12402291969792,0.836619297668646,-0.730100713797699,FALSE
"67",248,0,0,0,1,0,1,0,0.690205555409193,0.466087832348421,0.218814029125497,0.555520929396152,0,1.65882346181925,2.31156279418584,1.97731052547848,2.10523867772236,2.02092376571017,NA,1.89991396142924,1.81025466057749,NA,1.86253785033237,1.48014592205233,1.4866062808909,1.26611171708949,-0.134973019227975,FALSE
"124",249,0,1,0,1,0,1,1,0.89262037887238,0.505327655933797,0.798737353878096,0.668619784293696,1,2.67109036697361,2.26168966334878,1.64622894161801,1.62188130263197,1.7124904598652,1.80736138667016,2.25117773989242,1.98298514069293,1.90031817031793,NA,1.75414526055625,2.06021050804221,1.75475104387264,-0.814721429483247,FALSE
"10",250,0,1,1,1,1,1,1,0.633373382035643,0.96091044251807,0.362171688117087,0.247145148226991,0,2.26902451730933,1.99461481390554,NA,1.5429312793071,NA,1.94588539240334,1.56132819566423,1.75158480598983,1.32812168465201,NA,1.26301900510444,1.43519795843139,1.15599365633396,-0.984287644019396,TRUE
